Username,Message,Date,Link,Keyword,Image
heymax.ai community,Buying heymax vouchers is more of a way to circumvent mcc/online restrictions. You can earn massive amount of MM via shop with max üòÑ,2025-02-17 03:56:48,https://t.me/heymax.ai community/55732,mcc,
heymax.ai community,Anyone knows MCC for Max? Is it same as HBO?,2025-02-17 03:26:42,https://t.me/heymax.ai community/55715,mcc,images/55715.jpg
heymax.ai community,education mcc not excluded,2025-02-16 14:45:34,https://t.me/heymax.ai community/55644,mcc,
heymax.ai community,Education type is included in mcc??,2025-02-16 13:57:31,https://t.me/heymax.ai community/55636,mcc,
heymax.ai community,"If you check in the exclusion list for choco card, I dont think MCC 7399 is inside?",2025-02-16 13:41:36,https://t.me/heymax.ai community/55631,mcc,
heymax.ai community,Thank you. The company is called credit savvy. Cldnt find on Heymax. I tried searching the t&c for DBS altitude and I don‚Äôt think MCC 7399 qualifies for miles under DBS üò¢. Do u know if this will quality for Max Miles under the Chocofinance debit card?,2025-02-16 13:38:39,https://t.me/heymax.ai community/55629,mcc,
heymax.ai community,"Unless you can let us know the merchant, otherwise hard to guess. Eg. Mcc 7399 from AXS likely excluded by DBS Alt and Citi Premier.",2025-02-16 12:57:37,https://t.me/heymax.ai community/55605,mcc,
heymax.ai community,You know the mcc code you can check directly from the credit card tnc. A bit troublesome but you can do yourself,2025-02-16 12:52:49,https://t.me/heymax.ai community/55604,mcc,
heymax.ai community,"hey phebe, currently we don‚Äôt support searching MCC and seeing what cards can be used for it directly on search bar. have taken note and added it as a feature request.

could you try searching the 7399, followed by clicking into a merchant that shows up? if you have the card added in your list of cards, it will show you the rate you will earn

alternatively you can see view all cards and find the rates there as well",2025-02-16 12:51:13,https://t.me/heymax.ai community/55603,mcc,
heymax.ai community,Hi does anyone know if MCC 7399 can get the usual miles fr the usual miles credit card like Dbs Altitude/ Citi Premier etc?,2025-02-16 12:45:54,https://t.me/heymax.ai community/55600,mcc,
heymax.ai community,#dp Agoda booking made on 1 dec. Stay was 2nd week of jan. Just confirmed this morning,2025-02-13 23:40:01,https://t.me/heymax.ai community/55026,#dp,
heymax.ai community,"yep, PPV doesn't award bonus for MCC 4722
you can cancel your airbnb and rebook using another card",2025-02-12 17:36:37,https://t.me/heymax.ai community/54760,mcc,
heymax.ai community,All vouchers and gift cards purchase on Heymax codes as Departmenta Store MCC 5311 (Fashion).,2025-02-12 11:35:55,https://t.me/heymax.ai community/54639,mcc,
heymax.ai community,Earning rewards is based on mcc code. So any difference between axs machine and axs app?,2025-02-12 10:36:24,https://t.me/heymax.ai community/54632,mcc,
heymax.ai community,"Heymax team, for Easybook,  one of the recommended card is citi rewards, isn't 4789 an excluded mcc on citi rewards ?",2025-02-12 02:42:17,https://t.me/heymax.ai community/54482,mcc,
heymax.ai community,yes so long mcc not excluded,2025-02-12 02:24:38,https://t.me/heymax.ai community/54477,mcc,
heymax.ai community,Is there a list of excluded/blacklist mcc that dont earn the 2miles/$?,2025-02-11 18:10:22,https://t.me/heymax.ai community/54421,mcc,
heymax.ai community,"I want to pay for HDB season parking. The MCC (according to heymax website) is 9399 (Government Services (not Elsewhere Classified))

Can I pay directly on HDB website and earn miles? 
Or still need to pay via AXS?",2025-02-11 06:31:59,https://t.me/heymax.ai community/54102,mcc,
heymax.ai community,may i know if mcc for payment via fairprice app is different for grocery (ntuc) vs food (kopitiam)?,2025-02-11 05:17:51,https://t.me/heymax.ai community/54067,mcc,
heymax.ai community,credit card. Need to topup the chocolate account before payment,2025-02-11 05:08:35,https://t.me/heymax.ai community/54033,topup,
heymax.ai community,is name not mcc match,2025-02-11 02:44:06,https://t.me/heymax.ai community/53924,mcc,
heymax.ai community,I also want lychee martini swiss roll. What mcc?,2025-02-11 02:41:54,https://t.me/heymax.ai community/53918,mcc,
heymax.ai community,Thank you sir once again for your effort to collate the YaKun MCC code. Very Helpful!,2025-02-11 01:40:38,https://t.me/heymax.ai community/53875,mcc,
heymax.ai community,"Wwmc, hsbc revo (using atome)",2025-02-11 01:10:17,https://t.me/heymax.ai community/53861,hsbc revo,
heymax.ai community,Different outlets different MCC,2025-02-11 01:07:24,https://t.me/heymax.ai community/53856,mcc,
heymax.ai community,Where can I submit feedback on merchants mcc? YaKun store shows 5814 for Visa cards not 5812 displayed in heymax.,2025-02-11 01:06:34,https://t.me/heymax.ai community/53855,mcc,
heymax.ai community,quick check - any voucher purchased on heymax has the 5311 MCC? including grab etc?,2025-02-11 00:00:02,https://t.me/heymax.ai community/53824,mcc,
heymax.ai community,Similar error I faced with Hsbc revolution before few months which was fixed later my heymax team,2025-02-10 19:06:18,https://t.me/heymax.ai community/53792,hsbc revo,
heymax.ai community,"may i know if anyone knows what is the mcc for event organiser/management?
am trying to pay for an overseas event organiser/management through Stripe but cant find the Singapore equivalent that is searchable on HM",2025-02-10 14:27:55,https://t.me/heymax.ai community/53623,mcc,
heymax.ai community,no #dp,2025-02-10 14:12:29,https://t.me/heymax.ai community/53580,#dp,
heymax.ai community,May i ask why simplygo topup is nerfed given it is not ewallet mcc code?,2025-02-10 13:46:52,https://t.me/heymax.ai community/53542,topup,
heymax.ai community,you topup at machine or in-app?,2025-02-10 12:33:25,https://t.me/heymax.ai community/53440,topup,
heymax.ai community,No idea. I don't see MCC on choc finance (shld I be seeing it?),2025-02-10 12:28:02,https://t.me/heymax.ai community/53422,mcc,
heymax.ai community,Click on the transaction and see the mcc,2025-02-10 12:20:35,https://t.me/heymax.ai community/53404,mcc,
heymax.ai community,"Then you should be able to see the mcc of the transaction in Heymax app, under linked chocolate card (have you linked?)",2025-02-10 12:19:27,https://t.me/heymax.ai community/53399,mcc,
heymax.ai community,Is it an excluded MCC?,2025-02-10 12:16:59,https://t.me/heymax.ai community/53396,mcc,
heymax.ai community,"Topped up ezlink via simplygo app. Received max miles and the mcc was 4111.

(This is how I give my kids their allowance‚Ä¶‚Ä¶‚Ä¶)",2025-02-10 12:13:43,https://t.me/heymax.ai community/53392,mcc,
heymax.ai community,mcc is wallet top up,2025-02-10 11:36:09,https://t.me/heymax.ai community/53376,mcc,
heymax.ai community,Oh. So if mcc possible then can? Nets flashpay can top up or not? Lol,2025-02-10 11:00:51,https://t.me/heymax.ai community/53353,mcc,
heymax.ai community,if mcc in exclusion then no points,2025-02-10 11:00:09,https://t.me/heymax.ai community/53351,mcc,
heymax.ai community,my guess is MCC 6540 - POI (Point of Interaction) Funding Transactions (Excluding MoneySend),2025-02-10 09:15:40,https://t.me/heymax.ai community/53250,mcc,
heymax.ai community,MCC for MRT station top up?,2025-02-10 09:13:39,https://t.me/heymax.ai community/53249,mcc,
heymax.ai community,anyone know the MCC for nets app prepaid top up?,2025-02-10 09:13:25,https://t.me/heymax.ai community/53248,mcc,
heymax.ai community,singlife (mcc 6300) is working too,2025-02-10 09:03:08,https://t.me/heymax.ai community/53237,mcc,images/53237.jpg
heymax.ai community,someone helped test with coinbase purchase - mcc 6540 no miles as intended üòÑ,2025-02-10 09:02:26,https://t.me/heymax.ai community/53235,mcc,
heymax.ai community,"short answer - not online reliant, not within MCC blacklist, should be no problem",2025-02-08 12:49:35,https://t.me/heymax.ai community/52943,mcc,
heymax.ai community,$10 ntuc voucher out of stock.. Can topup?,2025-02-08 05:48:43,https://t.me/heymax.ai community/52882,topup,
heymax.ai community,"Anyone has any suggestions for credit card to use to pay $1000 raffles town club membershipfee (assume its mcc8699 for membership organisations)? 

It's $1000 , I've already maxed the $1k on HSBC revolution and citi rewards card for travel bookings so can't use those

i also need to spend $800 on HSBC LIVE+ to hit min spending to receive the sign up reward of a camera so I was wondering if that's the right card to use for this raffles town club membership payment 

Other cards I have are: 
Uob krisflyer 
Uob one 
Citi cashback 
Hsbc premier Mastercard
Amex platinum charge 
Amex krisflyer ascend",2025-02-08 05:16:15,https://t.me/heymax.ai community/52879,hsbc revo,
heymax.ai community,Will Heymaz add chocolate cards on their system so can we track whichever mcc entitled,2025-02-06 03:59:10,https://t.me/heymax.ai community/52353,mcc,
heymax.ai community,"No need to use then 
Now people got so many resources and yet they hesitate a lot. Back in old days we had to test ourselves, we didn‚Äôt have Heymax to check MCC",2025-02-04 13:48:11,https://t.me/heymax.ai community/51795,mcc,
heymax.ai community,"I stated you MCC and it is in TnC 
Cannot help you",2025-02-04 13:39:40,https://t.me/heymax.ai community/51793,mcc,
heymax.ai community,Should be under Online Shopping as MCC is 5311,2025-02-03 23:51:02,https://t.me/heymax.ai community/51699,mcc,
heymax.ai community,"Hi folks, how does the dine out feature work? I searched for the restaurant, clicked on it and it just brings me to the MCC/card page.",2025-02-03 11:34:59,https://t.me/heymax.ai community/51683,mcc,
heymax.ai community,"Avoid paying via favepay, else it's good to use dbs wwmc",2025-02-03 02:12:33,https://t.me/heymax.ai community/51643,dbs wwmc,
heymax.ai community,think everything on heymax is mcc 5311,2025-02-03 01:07:47,https://t.me/heymax.ai community/51637,mcc,
heymax.ai community,"Hi, can i check for heymax gift card like grab and supermarket, how do we know what mcc its charged to",2025-02-03 00:57:54,https://t.me/heymax.ai community/51634,mcc,
heymax.ai community,"Ah, thanks for clarifying! 

I was wondering if red = mcc might sometimes change (eg usually mcc =  restaurant, sometimes mcc = hotel).",2025-02-03 00:57:11,https://t.me/heymax.ai community/51633,mcc,
heymax.ai community,"For restaurants, we had multiple tags in purple and we wanted to highlight the MCC.",2025-02-02 23:53:16,https://t.me/heymax.ai community/51627,mcc,
heymax.ai community,this restaurant is in a hotel and may be mcc for the hotel instead,2025-02-02 18:13:20,https://t.me/heymax.ai community/51612,mcc,
heymax.ai community,"Usually MCCs are highlighted in purple, right?",2025-02-02 16:54:34,https://t.me/heymax.ai community/51611,mcc,
heymax.ai community,"Hi, does anybody know why the MCC for the merchant above is highlighted as red?",2025-02-02 16:53:57,https://t.me/heymax.ai community/51610,mcc,images/51610.jpg
heymax.ai community,"1 altico booking under sevenrooms mcc is 5813. 

Heymax put 5812",2025-02-01 04:05:00,https://t.me/heymax.ai community/51558,mcc,images/51558.jpg
heymax.ai community,@wurmplewanger this week's MCC update!,2025-02-01 00:36:09,https://t.me/heymax.ai community/51554,mcc,
heymax.ai community,"Hi may I know any idea for Mustafa MCc code 
Totally cannot find even on heymax showing 2 mCC under Mustafa",2025-01-31 23:23:31,https://t.me/heymax.ai community/51548,mcc,
heymax.ai community,Hi is this MCC confirmed? I saw HeyMax listed both 5999 and 5947,2025-01-31 11:00:09,https://t.me/heymax.ai community/51454,mcc,
heymax.ai community,Anyone know the MCC for grab pickup? Is it considered as grab food under dining,2025-01-30 12:40:26,https://t.me/heymax.ai community/51438,mcc,
heymax.ai community,And hsbc revo once again can be used for grocery offline üòÅ,2025-01-27 10:35:24,https://t.me/heymax.ai community/51170,hsbc revo,
heymax.ai community,"Hi Koi, please note that travel insurances purchased via heymax fulfilled by singsaver takes up to 30 days to track and 30 days after your trip has ended to be confirmed. 

This must have been different from your previous experience with regards to tracking hence it may come off as having a tracking issue.

Regardless, should you face any tracking issues, please raise a support ticket and we will jump in swiftly. Cheers",2025-01-27 09:30:27,https://t.me/heymax.ai community/51160,travel insurance,images/51160.jpg
heymax.ai community,"Why you shouldn‚Äôt assume the MCC for the merchants you go to.

A pub I go to isn‚Äôt 5813 but 5999 thanks to them using a payment processor.",2025-01-27 08:56:10,https://t.me/heymax.ai community/51159,mcc,images/51159.jpg
heymax.ai community,"hey guys~ wanted to ask.. Is the issue with singsaver for insurance fixed on heymax platform? Wanted to buy upcoming travel insurance but scare like the last round with FWD, after buying they say our miles not tracked..

can anyone from heymax team advise before i go ahead to purchase?",2025-01-27 08:31:27,https://t.me/heymax.ai community/51158,travel insurance,
heymax.ai community,Does anyone know what is grab express and ryde send MCC?,2025-01-26 05:00:12,https://t.me/heymax.ai community/51107,mcc,
heymax.ai community,still 4mpd but why not using hsbc revo/citi rewards for better transfer partners? even uob ppv or dbs wwmc is better for cathay.,2025-01-25 10:19:14,https://t.me/heymax.ai community/51054,hsbc revo,
heymax.ai community,"hello! im trying to buy a singlife travel insurance for jan 2026 but the intermediary link (page before directed to singlife) does not return any quotes.

will my purchase be tracked if i throw in a random date on the intermediary link and the correct date on the singlife portal?",2025-01-24 09:38:20,https://t.me/heymax.ai community/50948,travel insurance,
heymax.ai community,does anyone know what xero's MCC is?,2025-01-22 08:50:52,https://t.me/heymax.ai community/50847,mcc,
heymax.ai community,"Hi there . Quick question, can customer notify heymax app on incorrect MCC ?",2025-01-21 12:40:07,https://t.me/heymax.ai community/50805,mcc,
heymax.ai community,That part I got it. Cannot earn max miles but can use HSBC Revo still.,2025-01-21 11:46:12,https://t.me/heymax.ai community/50801,hsbc revo,
heymax.ai community,/task bookings via WeTravel platform is coded under MCC 7399,2025-01-21 07:51:21,https://t.me/heymax.ai community/50772,mcc,
heymaxai,"Hey bosses, sharing some improvements to the product over the past week! üéâ

üí≥ Card Updates

HSBC Premier Card on heymax has been updated to reflect miles instead of cashback. (Long overdue sorry!)

üìú Terms and Conditions Improvement

We‚Äôve added additional terms on merchant pages to remind you to click ‚ÄúShop With Max‚Äù and complete checkout for one item or trip booking at a time. This ensures you get your purchases tracked properly!

üõç MCC data updates (based on Visa card maximiser data)

--> Decathlon Online MCC updated from 5691 to 5941.

As always, your feedback is invaluable! Drop by feedback.heymax.ai to share your thoughts or upvote others' suggestions. 

Thanks for being part of the journey, and have a fantastic weekend! üéâ",2025-01-17 11:04:44,https://t.me/heymaxai/415,mcc,
heymaxai,"Bosses ‚Äî in the spirit of continuous improvement, would like to share some updates we‚Äôve made to the app in the past 1+ week. These are smaller improvements apart from feature launches, but we‚Äôre working on improving our process to constantly refine the smaller things. Will make it a point to share on a weekly basis what has been improved!

Past week‚Äôs improvements:
‚ö° Improved loading speed when switching between tabs in the app (the page now doesn‚Äôt reload every time you go to a new tab)

üí≥ Linked cards on ‚ÄúYour cards‚Äù tab are now sorted dynamically by most recent transaction first

‚è≥ Time taken for approved transactions (e.g. voucher purchase miles) to show up in your miles history reduced from 1min+ to ~10s

üõç MCC data updates (based on Visa card maximiser data)
--> Foodpanda: Primary MCC 5812 ‚Üí 5814
--> Deliveroo: Primary MCC 5812 ‚Üí 5814
--> Booking.com: Primary MCC 7011 ‚Üí 4722

We‚Äôll strive to make heymax 1% better everyday. We‚Äôre also working on responding to your feedback/suggestions more closely and will soon share a new format for you to share feedback which will make it easier for us to review and follow up. In the meantime, please keep the feedback coming! üôè",2024-12-17 11:02:21,https://t.me/heymaxai/388,mcc,
heymaxai,"Getting a quick after lunch boba üßã or dinner at home ü•ò? Save big when you stack Max Miles with Foodpanda on Shop with Max 

1Ô∏è‚É£ Buy Foodpanda Gift cards! 
Works as store credit topup to your PandaPay wallet

2Ô∏è‚É£ Stack with Foodpanda Vouchers! 
Works as promo code used to offset each order

üí° Earn credit card rewards (up to 4 MPD) when you make payment for vouchers on Shop with Max

3Ô∏è‚É£ Click through Foodpanda on Shop with Max before making your Foodpanda purchase too!
Max Miles awarded for remaining purchase amount after any discount/vouchers used",2024-05-14 07:25:13,https://t.me/heymaxai/156,topup,images/156.jpg
heymaxai,"Pre-Easter deals üê∞ Travelling soon? More Max Miles now at more Travel insurance brands üõ°Ô∏è 

Deals from heymax X Singsaver & KoverNow inside: https://telegra.ph/Are-you-ready-for-Easter-weekend-deals-heymax-03-26",2024-03-26 03:40:09,https://t.me/heymaxai/114,travel insurance,
heymaxai,"Extended: Shop Travel insurance on heymax, Triple dip rewards

1. Click-through Shop with heymax for FWD/Singlife travel insurance 
üí∞ 750 Max Miles
2. Complete travel insurance purchase 
üí∞ Earn credit card rewards
3. Choose Max Miles in Singsaver rewards form 
üí∞ 8 Max Miles per $

Here's what our friends at Singsaver have to say: https://www.singsaver.com.sg/blog/heymax-miles-redemption",2024-02-05 06:33:19,https://t.me/heymaxai/82,travel insurance,
heymaxai,"Triple dip rewards on travel insurance, as easy as 1Ô∏è‚É£ 2Ô∏è‚É£ 3Ô∏è‚É£

1. Click-through Shop with heymax for Singlife/FWD travel insurance 
üí∞ 750 Max Miles
2. Complete travel insurance purchase 
üí∞ Earn credit card rewards
3. Choose Max Miles in Singsaver rewards form 
üí∞ 8 Max Miles per $

Learn more: https://telegra.ph/Last-Chance-to-Triple-Dip-Max-Miles-on-Travel-Insurance-01-24",2024-01-24 09:22:13,https://t.me/heymaxai/76,travel insurance,
heymaxai,"üéâ Great news! üéâ

We have fulfilled the sign-up bonuses for successful CIMB card applicants üí∞
Their 20,000 confirmed Max Miles are now transferable to over 20+ airlines and hotel partners  ‚úàÔ∏è

Ready to join them? üòÜ

üî• Ending today! 
SC Journey: 45k Miles from SC + 7000 Max Miles
SC Simply cash: 20,000 Max Miles 

üìÜ Ending 8 Dec
HSBC Revolution/HSBC TravelOne: 18,000 Max Miles üåç

Sign up with heymax.ai now and start your journey towards your next adventure! üöÄ",2023-11-30 11:17:54,https://t.me/heymaxai/33,hsbc revo,
heymaxai,"Does any of these sound like you?

1. I want to maximize Credit Card Rewards and Cashback üí≥üí∞
2. I want clarity and clear budgeting of my finances üìäüí°
3. I want to verify MCC before I shop üõçÔ∏èüéÅ

That's where heymax.ai comes in! üöÄ
From the fundementals of MCC search and ""Best card to use"", we built Shop with Max: 

- Earn Max Miles from your fav brands and gift cards üõçÔ∏èüé´ Shopee, Lazada, Amazon
- Transferable to 20+ airlines and hotels ‚úàÔ∏èüè®
- No transfer fees; No expiry; No BS üíØüòÄ

Full article: https://words.heymax.ai/p/what-is-merchant-category-code-mcc

So why wait? Start maximizing your rewards with heymax.ai now! üõçÔ∏èüòä",2023-11-30 01:01:08,https://t.me/heymaxai/32,mcc,
https://t.me/milelion,Got an EV? You can topup on volt app,2025-02-17 05:45:20,https://t.me/https://t.me/milelion/1076523,topup,
https://t.me/milelion,"Pasmo top up using Mastercard should be MCC4112, Visa I‚Äôm not too sure, have not used Pasmo.",2025-02-17 00:11:07,https://t.me/https://t.me/milelion/1076417,mcc,
https://t.me/milelion,Suica top up is MCC 5964 (Visa). MCC 4112 if Mastercard.,2025-02-17 00:00:38,https://t.me/https://t.me/milelion/1076414,mcc,
https://t.me/milelion,"Hey all, one thing i am unsure about when using ppv for suica topup (mcc 4112). It‚Äôs mobile payment through apple pay so eligible but ineligible if i buy ticket online right?",2025-02-16 23:59:16,https://t.me/https://t.me/milelion/1076413,topup,
https://t.me/milelion,Yes I just tested it today. Wokhey finally has pos terminals at their shops. Mcc is 5814 and accepts paywave. No longer need to be forced to order online if you want to pay with credit cards.,2025-02-16 14:17:15,https://t.me/https://t.me/milelion/1076374,mcc,
https://t.me/milelion,Only way to check MCC retrospectively is to call or chat a CSO,2025-02-16 14:16:45,https://t.me/https://t.me/milelion/1076372,mcc,
https://t.me/milelion,Hihi! I'm trying to find the MCCs for transactions made on UOB cards. I've logged into the UOB tmrw app and I can't seem to find it... Can I only find the MCC by calling and checking with UOB agents? Thank you :),2025-02-16 14:15:49,https://t.me/https://t.me/milelion/1076371,mcc,
https://t.me/milelion,"Im starting to look at Changi Pay. Was thinking to add that to my phone for overseas next time. If WWMC is counted as online with Changi Pay, perhaps Revo would be an option to use for overseas? Since past DP the MCC is 5399 and still in its Whitelist",2025-02-16 11:33:32,https://t.me/https://t.me/milelion/1076359,mcc,
https://t.me/milelion,Ohhhhhh thanks. Not too sure of the mcc code though.,2025-02-16 11:05:24,https://t.me/https://t.me/milelion/1076351,mcc,
https://t.me/milelion,"Hello, anyone place an order with BYD Vantage? Like to know the mcc code to maximize payments",2025-02-16 10:49:36,https://t.me/https://t.me/milelion/1076346,mcc,
https://t.me/milelion,You can use amaze to test MCC,2025-02-16 09:36:42,https://t.me/https://t.me/milelion/1076337,mcc,
https://t.me/milelion,Can anyone confirm paradise group credit topup is 5812 now? I see past DPs but just want to be sure,2025-02-16 09:29:28,https://t.me/https://t.me/milelion/1076333,topup,
https://t.me/milelion,"random question on supp cards: my partner doesn't like to manage multiple credit cards. was thinking if i can apply for a supp card for my partner (e.g., under my DBS WWMC) to clock spending and gain rewards all to my account, instead of my partner separately applying for DBS WWMC independently? is this easy to do?",2025-02-16 06:09:19,https://t.me/https://t.me/milelion/1076282,dbs wwmc,
https://t.me/milelion,If MCC falls under online whitelist,2025-02-16 02:23:09,https://t.me/https://t.me/milelion/1076195,mcc,
https://t.me/milelion,"If this is interested to anyone, just FYI Youtube Premium's MCC is 7829",2025-02-15 16:04:47,https://t.me/https://t.me/milelion/1076114,mcc,
https://t.me/milelion,#dp khatib shuttle bus to zoo mcc 4789,2025-02-15 12:21:19,https://t.me/https://t.me/milelion/1076078,#dp,images/1076078.jpg
https://t.me/milelion,"It looks like they have 3 different payment terminal. Each of them gives different mcc. Use empty Amaze card to test it out before actual payment. If possible, let us know which terminal you pay and what‚Äôs the mcc for data point.",2025-02-15 04:45:42,https://t.me/https://t.me/milelion/1075878,mcc,
https://t.me/milelion,Anyone knows the MCC code for wedding at mandarin oriental?,2025-02-15 04:13:38,https://t.me/https://t.me/milelion/1075862,mcc,
https://t.me/milelion,"seeking collective wisdom. any preferred cards to use for MCC 4112?
basically passenger railways, like eurostar etc.",2025-02-15 04:02:28,https://t.me/https://t.me/milelion/1075855,mcc,
https://t.me/milelion,#dp TGM at T2 still allows for arrival boarding pass for PP meals. üòõ,2025-02-15 03:18:09,https://t.me/https://t.me/milelion/1075841,#dp,
https://t.me/milelion,#dp in case anyone is stuck at document verification when opening a ChocFin account. They said it can take up to 7 biz days (no idea why; banks accept MyInfo for instant approval ü§∑üèª‚Äç‚ôÇÔ∏è)‚Ä¶,2025-02-15 02:52:22,https://t.me/https://t.me/milelion/1075831,#dp,images/1075831.jpg
https://t.me/milelion,Just got this eDM.  This would be for the Chubb travel insurance sold by DBS.  Have not had the chance to compare if this would also apply to the plan sold through other channels,2025-02-15 01:42:05,https://t.me/https://t.me/milelion/1075822,travel insurance,images/1075822.jpg
https://t.me/milelion,Any dp for Kris+ Nan Yang Dao mcc?,2025-02-15 00:52:59,https://t.me/https://t.me/milelion/1075815,mcc,
https://t.me/milelion,Pretty sure the answer is yes unless it falls into the excluded mcc. I don‚Äôt know what‚Äôs the mcc for telegram though,2025-02-14 13:37:11,https://t.me/https://t.me/milelion/1075750,mcc,
https://t.me/milelion,Is the extra for 5311 MCC promo credited separately?,2025-02-14 11:10:25,https://t.me/https://t.me/milelion/1075709,mcc,
https://t.me/milelion,mcc 7333 vendor,2025-02-14 08:37:50,https://t.me/https://t.me/milelion/1075668,mcc,images/1075668.jpg
https://t.me/milelion,"Oh is there other 3/4 miles bonus miles card, that doesn‚Äôt exclude photography mcc 7333?",2025-02-14 08:37:13,https://t.me/https://t.me/milelion/1075667,mcc,
https://t.me/milelion,"Mcc 7333 and via stripe. Cos it‚Äôs not in the 5000 category, not sure how it‚Äôll turn out in citi rewards",2025-02-14 08:36:31,https://t.me/https://t.me/milelion/1075665,mcc,
https://t.me/milelion,"Hi there, does anyone knows if you will gain the citi rewards x10 bonus points if you were to charge (via amaze) through stripe online payment link mcc 7333 (photography)

Credit card: amaze + citi rewards
Merchant code: 7333
Via online payment link via stripe.
(Photography services)",2025-02-14 08:34:28,https://t.me/https://t.me/milelion/1075647,mcc,
https://t.me/milelion,Thanks for the calculation. Got the picture. Just that with smaller amount transactions and decimals it‚Äôs confusing as the bonus is not fixed like say hsbc revo (9000) or crmc (9000),2025-02-14 07:13:55,https://t.me/https://t.me/milelion/1075624,hsbc revo,
https://t.me/milelion,How did you pay for the 805 and what‚Äôs the MCC?,2025-02-14 06:30:07,https://t.me/https://t.me/milelion/1075561,mcc,
https://t.me/milelion,"Anyone tried 7311 mcc thru amaze to get 4mpd? (But what link to what cc)

Did a search in this channel, not much was talked about",2025-02-14 05:24:33,https://t.me/https://t.me/milelion/1075524,mcc,
https://t.me/milelion,#dp greenlife dental (private dental clinic) eligible for 9x PPV bonus,2025-02-14 01:43:30,https://t.me/https://t.me/milelion/1075412,#dp,
https://t.me/milelion,HSBC revolution too ü§£ It‚Äôs the time of the month,2025-02-14 01:36:04,https://t.me/https://t.me/milelion/1075409,hsbc revo,
https://t.me/milelion,tomorrow question: is DBS WWMC bonus points in?,2025-02-14 01:28:16,https://t.me/https://t.me/milelion/1075405,dbs wwmc,
https://t.me/milelion,Did anyone receive their hsbc revolution bonus points alr?,2025-02-14 00:24:54,https://t.me/https://t.me/milelion/1075379,hsbc revo,
https://t.me/milelion,What's the mcc ?,2025-02-13 23:10:12,https://t.me/https://t.me/milelion/1075372,mcc,
https://t.me/milelion,"#dp T3 SKL deserted at this time, no food save for cereal. 

Food loaded only at 5am, I am told.",2025-02-13 19:27:40,https://t.me/https://t.me/milelion/1075361,#dp,
https://t.me/milelion,"Hi all, just got my DBS WWMC. Can I check on the monthly caps on the bonus points? Let‚Äôs say my statement date is on 14 Feb, does that mean the 1.5k cap will reset on statement date?",2025-02-13 16:36:29,https://t.me/https://t.me/milelion/1075350,dbs wwmc,
https://t.me/milelion,What mcc codes do alipay and wechat pay fall under?,2025-02-13 15:25:15,https://t.me/https://t.me/milelion/1075323,mcc,
https://t.me/milelion,"Just an example, if you have two Lady‚Äôs Solitaire cards, you have 4 bonus categories. Or if you have 2 DBS WWMC, your monthly cap is $3k. 

P.S. don‚Äôt compare yourself with üëµ , she has a whole kampung",2025-02-13 12:17:22,https://t.me/https://t.me/milelion/1075222,dbs wwmc,
https://t.me/milelion,On that note any DP about nets flashpay Topup using trust cashback card,2025-02-13 09:27:13,https://t.me/https://t.me/milelion/1075168,topup,
https://t.me/milelion,Wait a min‚Ä¶it‚Äôs not MCC6540 so it may work,2025-02-13 09:26:46,https://t.me/https://t.me/milelion/1075166,mcc,
https://t.me/milelion,"#DP Citi to Etihad transfer took 7 days. 

Am trying to book Etihad F but cant seem to get these Feb 24 award chart rates, am I missing something, or does it depend on aircraft type? E.g. AUH - LHR (120k on chart) pricing at 120k (for B789) but 140k (for A380)",2025-02-13 08:53:06,https://t.me/https://t.me/milelion/1075158,#dp,images/1075158.jpg
https://t.me/milelion,your hsbc revo bonus?,2025-02-13 06:07:00,https://t.me/https://t.me/milelion/1075113,hsbc revo,
https://t.me/milelion,Does anyone know if there's any travel insurance policies that will reimburse you for yellow fever vaccine if you are travelling to S America or sub Saharan Africa?,2025-02-13 05:04:01,https://t.me/https://t.me/milelion/1075085,travel insurance,
https://t.me/milelion,Hi can i use uob krisflyer to pay fot disneycruise? Any dp on this? Saw previous under dbs wwmc is travel. Or uob sv? Since is charged in usd. Would it be local or overseas payment gateway?,2025-02-12 23:30:17,https://t.me/https://t.me/milelion/1074970,dbs wwmc,
https://t.me/milelion,Can the MCC differ depending on the item purchased?,2025-02-12 16:04:25,https://t.me/https://t.me/milelion/1074929,mcc,
https://t.me/milelion,If MCC is right ya,2025-02-12 15:56:39,https://t.me/https://t.me/milelion/1074928,mcc,
https://t.me/milelion,"Does the HSBC revolution still give 4mpd for online shopping/groceries (Lazada, Amazon)",2025-02-12 15:53:35,https://t.me/https://t.me/milelion/1074927,hsbc revo,
https://t.me/milelion,"Hi guys, for overseas purchases would you recommend Citi Rewards or DBS WWMC? 

For context, I‚Äôm purchasing jewellery on Everrich DFS Taoyuan. Thanks!",2025-02-12 11:45:41,https://t.me/https://t.me/milelion/1074795,dbs wwmc,
https://t.me/milelion,"1 year from date of ticket issued date

Can change point of departure or destination. Can only topup miles no refund of excess miles.",2025-02-12 09:11:08,https://t.me/https://t.me/milelion/1074699,topup,
https://t.me/milelion,I see. Coz heymax mentioned 8062. And I am planning Mt A for delivery. Latter MCC is excluded by a lot of Cc,2025-02-12 08:34:15,https://t.me/https://t.me/milelion/1074682,mcc,
https://t.me/milelion,"Wife doing treatment in private clinic at Mount E on average $5k monthly, below are the following CC I'm using for the past several sessions. MCC 8011, only contactless/chip, no online.

Not a good thing to have/experience, but silver lining and on the bright side can earn miles. So...asking the community incase I might have left out any other alternatives that can earn better miles then what I'm doing now.

Thanks!

VS = $2000
PPV = $1110
Amaze + CRMC = $1000
Gen spend/Chocolate = Remaining balance",2025-02-12 08:26:38,https://t.me/https://t.me/milelion/1074676,mcc,
https://t.me/milelion,lol last time i changed a ticket many times (because of travel plan change) everytime pay $25 change fee and topup miles diff until end up with a 290k+ tix and cannot change anymore because sq won't refund mile diffüòÇ,2025-02-12 06:56:01,https://t.me/https://t.me/milelion/1074634,topup,
https://t.me/milelion,"On a similar vein, has anyone tried 'CHANGING' a one way J Saver say Japan to Singapore (52k miles) into a 2 way say Singapore to Hong Kong J Saver (68k miles).

Can just pay USD25 for change and topup 16k miles + YQ difference?",2025-02-12 06:22:30,https://t.me/https://t.me/milelion/1074614,topup,
https://t.me/milelion,"yes usd25 + topup miles diff, depending on the aircraft, if A380 i'd say definitely go for it, if 777 you can decide yourself",2025-02-12 06:17:34,https://t.me/https://t.me/milelion/1074609,topup,
https://t.me/milelion,"option 1: all 3 in Y tgt. option 2: husband + child in Y and wife in J(or you can pay $25  + topup miles to change to F if it's a YOLO thing) . which to choose can discuss with your wife, see if she wants to stay with family or enjoy J/F service",2025-02-12 06:05:45,https://t.me/https://t.me/milelion/1074586,topup,
https://t.me/milelion,"maybe some time down the road it will be:

""what card are you using to pay?""
""huh you paywave with HSBC Revo?""
""you brought your physical card out to paywave? (pointing at DBS WWMC/UOB PPV""",2025-02-12 03:39:56,https://t.me/https://t.me/milelion/1074435,hsbc revo,
https://t.me/milelion,Does gpay with dbs wwmc still have 4mpd when checking out using gpay?,2025-02-12 02:34:53,https://t.me/https://t.me/milelion/1074189,dbs wwmc,
https://t.me/milelion,What's the best way to know the MCC of a merchant,2025-02-12 01:25:30,https://t.me/https://t.me/milelion/1074111,mcc,
https://t.me/milelion,"I have done it on Heymax, but not sure how accurate they are, they show mcc 7399 for Google ads",2025-02-12 01:24:44,https://t.me/https://t.me/milelion/1074110,mcc,
https://t.me/milelion,"Foreign Currency Spending -> check milelion credit card guide
Also check on MCC for Google Ads if you are not using FCY cards

5862 or something but you should always DYODD",2025-02-12 01:21:55,https://t.me/https://t.me/milelion/1074105,mcc,
https://t.me/milelion,"Suggest u setup a Heymax account and input these cards as yours, then search the google ads MCC and see what gives what mpd. Double confirm with searching previously in chat. Dun give us homework to do",2025-02-12 01:20:43,https://t.me/https://t.me/milelion/1074102,mcc,
https://t.me/milelion,"Online whitelist MCCs are in the table here, check if 5977 is there or not there. https://milelion.com/2024/04/25/review-uob-preferred-platinum-visa-card/",2025-02-11 15:35:55,https://t.me/https://t.me/milelion/1073982,mcc,
https://t.me/milelion,"Caviar course on Qatar Doha - Paris #dps

- flew SIN - DOH - CDG on Q Suites but only certain routes from DOH have caviar, including Paris (and Singapore, but only from Doha to Singapore and not Singapore to Doha)

- usually offered for lunch / dinner meal service flights, so breakfast or sleeper meal service flights might not have

- about 50% (caviar to pax ratio) is uplifted since caviar is but one of the starter courses. So if keen, ask for it early. I asked right after I got offered the pre departure drink and apparently got the last portion",2025-02-11 15:21:26,https://t.me/https://t.me/milelion/1073975,#dp,images/1073975.jpg
https://t.me/milelion,Potentially dump question I apologize in advance! 5977 mcc through in app should I use ppv or crmc,2025-02-11 15:19:14,https://t.me/https://t.me/milelion/1073972,mcc,
https://t.me/milelion,"Is there any other SUB that can beat the Amex KF blue (+FYF)? I‚Äôve checked ML Current CC offers but noneüò© Have a 2k spend coming up (online with 3.5% fee, haven‚Äôt checked MCC but it‚Äôs for a course) and I can only think of KF blue SUB since WWMC caps at $1500. Not NTB for Citi/DBS/UOB.",2025-02-11 13:55:24,https://t.me/https://t.me/milelion/1073952,mcc,
https://t.me/milelion,What is the minimum initial topup for the chocolate finance ah?,2025-02-11 11:03:29,https://t.me/https://t.me/milelion/1073900,topup,
https://t.me/milelion,Haha yes i rmb it was still duty free mcc back in august so i thought it was quite safe. Luckily small amount so its all good,2025-02-11 07:51:49,https://t.me/https://t.me/milelion/1073796,mcc,
https://t.me/milelion,"via online or which avenue did you pay with?
I would have assumed the MCC should be 5309",2025-02-11 07:34:20,https://t.me/https://t.me/milelion/1073789,mcc,
https://t.me/milelion,"#dp ishopchangi MCC 4582 Airports, Airport Terminals, Flying Fields. No 4mpd on Revo ü•≤",2025-02-11 07:14:13,https://t.me/https://t.me/milelion/1073783,#dp,
https://t.me/milelion,But HSBC Revolution got no love for us üíî,2025-02-11 05:06:35,https://t.me/https://t.me/milelion/1073740,hsbc revo,
https://t.me/milelion,"‚ù§Ô∏è HSBC x SingSaver Valentine's Day offers

üìÜ Apply by 2 March 2025

üí∞ Min. spend S$800 by the end of the month following approval

‚ö†Ô∏è Must not hold any principal HSBC credit cards now, or in the past 12 months (refer to T&Cs)

Choose one of the following gifts

üéÅ S$199 cash + S$251 Lazada vouchers
üéÅ Dyson Airwrap
üéÅ Dyson AM07 Tower Fan
üéÅ Apple iPad 9th Gen 10.2"" WiFi 64GB
üéÅ Apple Watch SE + Stryv Pro Styler
üéÅ Sony Vlog Camera ZV-1F

Gifts are labelled as ""for him"" and ""for her"", but really, who's checking?

Apply below!

üí≥ HSBC Advance (FYF)
üí≥ HSBC Live+ (FYF)
üí≥ HSBC Revolution (No annual fee)
üí≥ HSBC TravelOne Card (must pay S$196.20 annual fee)",2025-02-11 05:06:00,https://t.me/https://t.me/milelion/1073739,hsbc revo,images/1073739.jpg
https://t.me/milelion,"Yakun uses different mcc codes at different outlets. Below are info contributed by community:

#dp Ya Kun
#dp YaKun
(h/t @MouseHunter88)

Yakun Apps 5734/5812/5999

313 Somerset 5814 Visa contactless
AMK Hub 5814  Visa contactless
Aperia Mall 5814 via Amaze
Artra 5814 Apple pay Visa contactless 
Bugis 5814
Bukit Panjang Plaza 5812 via App, MC
Causeway point 5812
Changi Terminal 3 B1 5814 Visa contactless
City Square Mall 5814 MC contactless
Clarke Quay Central 5812 via app
Clementi Mall 5814 contactless
Compass One 5814 MC contactless 
Far East Square 5812
Funan 5814 Visa contactless 
Fusionopolis 5814 master contactless
Fusionopolis 5812 via app
Great World 5734 via apps. 
Harbourfront 5814
HDB Hub 5812
Heartland Mall Kovan, 5734 via app
Heartland Mall 5812, MC Contactless
Hillion app MC 5734
Holland V 5812
IMM 5814 MC contactless
Ion Orchard 5814 Visa contactless
Jewel 5814 Visa contactless
Junction 8 5812 via app
Lot1 5814/5734i
Marina Square 5812
Maxwell 5921 via app MC
Metropolis 5812 via apps 
Nex Serangoon 5999 via app paid with amaze
Ng Teng Fong GH 5814 MC contactless
One Raffles Place 5814 MC contactless
One raffles place 5812 via App Visa
Paragon 5812 via apps 
Paragon 5814 MC contactless
Punggol Oasis Terraces 5734 via app
Seletar Mall 5814 Visa contactless 
Sun Plaza 5814 Visa contactless
Suntec basem 1 5812 via app MC
Suntec Level 2 5812 paywave
Suntec Level 2 5734 via app
Tao Payoh Safra 5814 Mastercard 
Takashimaya B2 5814 MC contactless
VivoCity B2 5812 Amex contactless
VivoCity B2 5812 via app
VivoCity 5814 Visa Contactless
Westgate 5814
West Mall 5814 Visa contactless
White Sands 5814 Visa contactless
Woodleigh mall 5814 Amaze+MC

If you visit Yakun, share with us the the info below:
1) Outlet of Yakun you visited
2) Payment method - Contactless or Apps.
3) Mastercard or Visa card or Amex
4) Mcc code. 

So we can have a list of #YaKun mcc codes for the community.",2025-02-11 02:37:41,https://t.me/https://t.me/milelion/1073666,#dp,
https://t.me/milelion,Hi wondering if anyone renewed COE recently. As far as I can tell the MCC is coded as 9399 (government services not elsewhere classified) which only AMEX doesn't exclude from earning miles. Appreciate a cross reference if anyone did so recently,2025-02-11 02:09:52,https://t.me/https://t.me/milelion/1073647,mcc,
https://t.me/milelion,"‚úàÔ∏è üç´ Starts today: Earn 2 mpd on virtually everything with Chocolate Visa Debit Card

From 11 February 2025, the Chocolate Visa Platinum Debit Card will earn 2 Max Miles per S$1 on virtually all transactions, capped at S$1,000 per calendar month (and 0.4 Max Miles per S$1 after that)

‚úÖ AXS transactions
‚úÖ Charitable donations
‚úÖ Education
‚úÖ Hospitals
‚úÖ Insurance premiums
‚úÖ Utilities

...everything goes, except pre-paid account top-ups like EZ-Link/SimplyGo and pseudo cash transactions (MCCs 4829, 6010, 6011, 6012, 6050, 6051, 6529, 6530, 6540)

üí≥ Apply here

‚ùå No annual fee

‚ùå No minimum income requirement

‚ùå No foreign currency transaction fees

‚úàÔ∏è Convert Max Miles at a 1:1 ratio to 27 airline and hotel programmes, with no fees

‚ö°Ô∏èGet your virtual Chocolate Visa Card instantly via the Chocolate Finance app and pay in-store using Apple/Google Pay

üí∞ Earn 3.3% p.a. on the first S$20K in Chocolate Finance account, 3% p.a. on the next S$30K

‚òÄÔ∏è Make hay while you can: How I plan to make the most of this promotion

‚ùì I'll be publishing a list of FAQs on this promotion soon, but to answer some of the most common ones:

‚Ä¢ The Chocolate Visa can't be used to pay credit card or loan payments on AXS 
‚Ä¢ If you want to make manual payments to a billing organisation with which you already have a GIRO arrangement (e.g. IRAS), be sure to do so at least 2 weeks before the deduction date to avoid a double deduction
‚Ä¢ When paying on AXS, be sure to select Credit Card > Other Banks, despite the fact the Chocolate Visa is a debit card",2025-02-11 00:04:05,https://t.me/https://t.me/milelion/1073596,mcc,images/1073596.jpg
https://t.me/milelion,"but then again eight telecom is MCC 4814.

some may argue that you can simply use CRMC and still earn 4 mpd..",2025-02-10 16:40:12,https://t.me/https://t.me/milelion/1073541,mcc,
https://t.me/milelion,cos' the minimum topup amount is 1,2025-02-10 16:32:17,https://t.me/https://t.me/milelion/1073539,topup,
https://t.me/milelion,"Hi all, can I use amex ascend or uob one to pay for NZL travel visa? What is the mcc?",2025-02-10 13:21:34,https://t.me/https://t.me/milelion/1073420,mcc,
https://t.me/milelion,Hi i used dbs wwmc and saw my txns with agoda and korean air includes an extra 1% charge. Is this normal or is there a way to prevent this?,2025-02-10 08:36:10,https://t.me/https://t.me/milelion/1073338,dbs wwmc,
https://t.me/milelion,Seems like mcc will be coded as 8062 (ren ci nursing home for example) i am curious,2025-02-10 07:20:01,https://t.me/https://t.me/milelion/1073320,mcc,
https://t.me/milelion,Yes we can claim travel insurance for that but I rather have a stress free holiday and flight instead.,2025-02-10 04:43:04,https://t.me/https://t.me/milelion/1073190,travel insurance,
https://t.me/milelion,"Hi
For foodpanda gift card sold at ShopBack, if I purchase it via DBS WWMC, do I still get the 4 mpd? Thks!",2025-02-10 03:22:08,https://t.me/https://t.me/milelion/1073156,dbs wwmc,
https://t.me/milelion,"Thanks for updating. üëç 

Hopefully Kris+ fixes the rest of travel agencies‚Äô mcc too.",2025-02-10 01:11:53,https://t.me/https://t.me/milelion/1073110,mcc,
https://t.me/milelion,Krispay*EU Holidays is now MCC 4722,2025-02-10 01:02:20,https://t.me/https://t.me/milelion/1073105,mcc,images/1073105.jpg
https://t.me/milelion,Yes I read both but was confused. Even the cust service over the phone said has to be under the mcc in the t&c,2025-02-10 00:37:48,https://t.me/https://t.me/milelion/1073100,mcc,
https://t.me/milelion,"yes if using phone to paywave via apple/samsung/google pay and mcc is not excluded in the TnC

read review of this card or the TnC?",2025-02-09 18:45:58,https://t.me/https://t.me/milelion/1073085,mcc,
https://t.me/milelion,"Oh really? Means if I tap in person (paywave) for consultancy (mcc 7392), it‚Äôs considered 4mpd?",2025-02-09 17:52:11,https://t.me/https://t.me/milelion/1073079,mcc,
https://t.me/milelion,Does anyone have dp of late of car deposit at BYD by 1826 actually coding an MCC of dining?,2025-02-09 11:57:35,https://t.me/https://t.me/milelion/1073019,mcc,
https://t.me/milelion,amaze empty wallet test MCC,2025-02-09 11:22:05,https://t.me/https://t.me/milelion/1073012,mcc,
https://t.me/milelion,I have LinkedIn subscription payments monthly. Is there any ways to pay online manually instead of recurring payment? Think recurring payment mode doesn‚Äôt earn bonus points DBS WWMC.,2025-02-09 09:55:27,https://t.me/https://t.me/milelion/1072996,dbs wwmc,
https://t.me/milelion,No‚Ä¶ travel mcc excluded. Go and read up on CRMC AMAZE pls,2025-02-09 09:46:11,https://t.me/https://t.me/milelion/1072993,mcc,
https://t.me/milelion,"Hi, Anybody know if 

For wechat wise spending in china, Is uob VS ok to tag? 

i understand the mcc is 5999.",2025-02-09 07:31:14,https://t.me/https://t.me/milelion/1072924,mcc,
https://t.me/milelion,But i guess the mcc code got no miles etc. so it‚Äôs just about cashflow management?,2025-02-09 06:51:11,https://t.me/https://t.me/milelion/1072909,mcc,
https://t.me/milelion,"based on underlying mcc, shopee will be the standard mcc roulette",2025-02-09 04:23:35,https://t.me/https://t.me/milelion/1072870,mcc,
https://t.me/milelion,"Can anyone confirm if payment services like flywire*merchant will continue to earn miles on the Chocolate card, if the MCC remains eligible?

I‚Äôve been burnt by this before so I just want to be sure",2025-02-09 03:58:37,https://t.me/https://t.me/milelion/1072849,mcc,
https://t.me/milelion,For Yakun app if we use DBS WWMC will we get 10X points?,2025-02-08 19:17:50,https://t.me/https://t.me/milelion/1072794,dbs wwmc,
https://t.me/milelion,"thanks Jay and Robin. 
Yeah City Rewards & HSBC revo can‚Äôt be used for this use case. 

But yeah DBS WWMC + UOB Ladies + KFCC for the rest seems like the best bet",2025-02-08 14:35:18,https://t.me/https://t.me/milelion/1072735,hsbc revo,
https://t.me/milelion,I see the HSBC revo also out for Travel (7011) haha,2025-02-08 14:33:04,https://t.me/https://t.me/milelion/1072732,hsbc revo,
https://t.me/milelion,Can use HSBC Revo for heymax gc/online if that's the case. I don't really know beyond that.,2025-02-08 14:29:36,https://t.me/https://t.me/milelion/1072729,hsbc revo,
https://t.me/milelion,citi rewards might be out if MCC turns out 7011 even online,2025-02-08 14:28:22,https://t.me/https://t.me/milelion/1072727,mcc,
https://t.me/milelion,"DBS WWMC (1.5k cap)
UOB Ladys (2k)
Citi rewards (1k cap)
KF CC (no cap, 3 mpd)",2025-02-08 14:27:53,https://t.me/https://t.me/milelion/1072726,dbs wwmc,
https://t.me/milelion,"Hi, I am currently trying to pay for my wedding which costs 7+k a month. It is Andaz hotel (MCC code 7011). 
I plan to use the UOB Lady‚Äôs Solitaire, but it has a cap after 2k. 
May I ask how should I pay for the remaining 5+k? (btw the kris+ app promo has expired)

I am thinking of using UOB Prvi Miles card to get 1.4mpd as there‚Äôs no cap",2025-02-08 14:24:22,https://t.me/https://t.me/milelion/1072716,mcc,
https://t.me/milelion,"you check past message on group chat is normal, i got a whole hardcopy small memo pad full of these mccs and use cases ü§£",2025-02-08 13:03:29,https://t.me/https://t.me/milelion/1072613,mcc,
https://t.me/milelion,"when in doubt of mcc, use uobkf",2025-02-08 13:02:22,https://t.me/https://t.me/milelion/1072609,mcc,
https://t.me/milelion,"I try to assume the correct mcc to my best knowledge, then see which is the right card to use... Then test with empty wallet and hope my guess is correct. If wrong, then will need to chk more.",2025-02-08 12:22:51,https://t.me/https://t.me/milelion/1072562,mcc,
https://t.me/milelion,"I saved the T&C as pdf. Can do mcc search. But will need to fake card issue, let the next guy go ahead first. Too pai say and stressful to check while holding up the queue. Lol",2025-02-08 12:21:37,https://t.me/https://t.me/milelion/1072560,mcc,
https://t.me/milelion,Same. The actual testing of the mcc doesn‚Äôt take too long (maybe 20s) but once I get the mcc I‚Äôll need to figure out which card to use since I don‚Äôt memorize all of them. I only know 5812,2025-02-08 12:21:19,https://t.me/https://t.me/milelion/1072559,mcc,
https://t.me/milelion,the hardest so far for me is clothing shops... since it may or may not be within maybank online shopping MCC list so i have a second phone beside me with the maybank online shopping MCC to tally,2025-02-08 12:18:32,https://t.me/https://t.me/milelion/1072552,mcc,
https://t.me/milelion,"10s to know the mcc is OK... But if mcc is different from what you expect, are you able to instantly decide which card to use? I will need to Google what is that mcc, then decide which card to use. üòÖ If amt is large, I might do this and ask the counter let the one behind me to go first while I sort out my card issue (excuse). If amt is small, I might just take the chance to go w/o testing.",2025-02-08 12:17:35,https://t.me/https://t.me/milelion/1072547,mcc,
https://t.me/milelion,"no need check heymax most of the time la... unless is those funky MCC then i will immediately switch to CRMC mah

my amaze now only linked to 

maybank FnF A
maybank FnF B
Citi Cashback
CRMC
Manhattan",2025-02-08 12:17:26,https://t.me/https://t.me/milelion/1072546,mcc,
https://t.me/milelion,"Missed a step: after checking MCC check heymax for the best card üòÖ
Not everyone is familiar with monkey MCCs",2025-02-08 12:16:04,https://t.me/https://t.me/milelion/1072543,mcc,
https://t.me/milelion,"have your amaze already logged in and at the Home Page with Wallet selected.

the moment cashier tap and you see the DECLINED.. quickly press Activity and you can see the MCC.. then quickly go back home and switch to the correct card..",2025-02-08 12:14:01,https://t.me/https://t.me/milelion/1072540,mcc,
https://t.me/milelion,I do this somewhat often as well if I‚Äôm not confident of the mcc. Unfortunately this also means the cashier is sometimes stuck waiting for several minutes as i fiddle with my phone during payment,2025-02-08 12:10:53,https://t.me/https://t.me/milelion/1072532,mcc,
https://t.me/milelion,"used the wrong card...

i didn't know changipay MCC at Shila duty free was not UOB Lady travel category.",2025-02-08 12:01:30,https://t.me/https://t.me/milelion/1072525,mcc,
https://t.me/milelion,"Hi all, quick question, I used to be able to get row 7 on Scoot for free courtesy of KFES. Recently booked a Scoot flight on Agoda, waited a few days, got the board me first and somehow it says I purchased seat selection, and I can select any seats worth $11 for free, can even choose < row 7 with topup, just plainly curious is this expected ? (PS Also don't see a KFES banner compared to book direct)",2025-02-08 01:49:42,https://t.me/https://t.me/milelion/1072319,topup,
https://t.me/milelion,#dp contacted Instarem support about a missing referral reward on 24 Dec 2024. I got the reward today 7 Feb 2025. That's 1.5 months! üò¢,2025-02-07 13:55:02,https://t.me/https://t.me/milelion/1072213,#dp,
https://t.me/milelion,Amaze only converts the transaction into online. It doesn‚Äôt change the underlying MCC,2025-02-07 13:52:34,https://t.me/https://t.me/milelion/1072212,mcc,
https://t.me/milelion,"Crmc, hsbc revo (tho not 4mpd for krisflyer)",2025-02-07 09:00:18,https://t.me/https://t.me/milelion/1072119,hsbc revo,
https://t.me/milelion,Anyone has mcc for Disneyland hotel bookings? Looking at Shanghai Disneyland Toy Story Hotel~,2025-02-07 05:58:01,https://t.me/https://t.me/milelion/1071974,mcc,
https://t.me/milelion,"Cant. Pay-wave also cant get uni$ fr krisflyer uob.

Only online. And must be valid mcc.",2025-02-07 03:37:09,https://t.me/https://t.me/milelion/1071919,mcc,
https://t.me/milelion,"Hi, im currently making installments to hotel online link under Travel MCC.

I currently use both UOB lady's 
& DBS WWMC.

I Also applied UOB PPV for the 4mpd benefit. Anyone knows any other card recommendations i can apply to clock more miles than using citipremier?",2025-02-07 03:21:47,https://t.me/https://t.me/milelion/1071905,dbs wwmc,
https://t.me/milelion,Yes 25% off is great. MCC is 5814 for grab dine out.,2025-02-07 02:36:21,https://t.me/https://t.me/milelion/1071868,mcc,
https://t.me/milelion,Hi! Do u happen to know MCC for alley on 25? If they charge as hotel or food? Bursting limit on my ‚Äúfood‚Äù card üò£,2025-02-07 02:24:43,https://t.me/https://t.me/milelion/1071858,mcc,
https://t.me/milelion,"check on instarem app the mcc for the gym, more likely this one excluded",2025-02-07 01:15:30,https://t.me/https://t.me/milelion/1071839,mcc,
https://t.me/milelion,"Actually Hor‚Ä¶.

Isn‚Äôt it just easier to bring YouTrip card and withdraw. Yes there might be a 1% fee if u exceed $400 a month. You can easily topup YouTrip in sgd and convert it at rates better than Mastercard Visa. So that could partially subsidise the 1% fee.",2025-02-06 18:00:09,https://t.me/https://t.me/milelion/1071753,topup,
https://t.me/milelion,"UOB PPV - 1.1k per month
UOB ladies - (Choose 2 Cat) 2k
Citirewards / DBSWWMC - 1+1.5k (Online website) 
HSBC revolution - 1k",2025-02-06 14:52:46,https://t.me/https://t.me/milelion/1071702,hsbc revo,
https://t.me/milelion,"If you have 12 months apart then can maximise even better 

But you need to check whether under travel or resto MCC",2025-02-06 14:48:34,https://t.me/https://t.me/milelion/1071696,mcc,
https://t.me/milelion,boils down to MCC. should be classified as online,2025-02-06 13:34:02,https://t.me/https://t.me/milelion/1071675,mcc,
https://t.me/milelion,is there a list i can refer to? I tried searching but everywhere tells me different things? Or is just based on the MCC corde,2025-02-06 13:33:35,https://t.me/https://t.me/milelion/1071673,mcc,
https://t.me/milelion,"Hi has anyone gotten the 6mpd on ocbc rewards card for heymax vouchers declined ? I called up ocbc cso today and they said the bonus points are for physical department stores only , not for online , even though they checked that the MCC was correct.",2025-02-06 12:29:26,https://t.me/https://t.me/milelion/1071627,mcc,
https://t.me/milelion,"Tracking MCC, heymax promos (eg. Bus/mrt)",2025-02-06 12:20:46,https://t.me/https://t.me/milelion/1071625,mcc,
https://t.me/milelion,"#dp

Man-U this EPL season
never win 2 consecutive EPL matches in a row.

This fact guarantee that Man-U will win one EPL match/ month for sure.
So, Man-U Maybank card holders can do once a month shopping. 
(some months probably twice)

all good luck!",2025-02-06 09:34:47,https://t.me/https://t.me/milelion/1071602,#dp,
https://t.me/milelion,"Hello. Which card is good for education mcc 8299 usd5000? I only have ocbc rewards, citi premier, citi rewards and uob prvi",2025-02-06 09:24:34,https://t.me/https://t.me/milelion/1071590,mcc,
https://t.me/milelion,"also when in doubt about monkey mcc, i suppose chocolate would be a safer bet? uob ladys is whitelist versus chocolate is blacklist",2025-02-06 06:11:54,https://t.me/https://t.me/milelion/1071525,mcc,
https://t.me/milelion,"They earmarked meaning they can choose to charge or don't charge, without card holder signing or physical card.

If they choose not to settle or charge, UOB will auto cancel transaction on T+ 5 working days, for hotel mcc code",2025-02-06 05:58:49,https://t.me/https://t.me/milelion/1071502,mcc,
https://t.me/milelion,Hi! apart from OCBC Voyage are there alternatives e.g. AMEX HighFlyer Card that can be use on mcc 8062 for private hospital bills?,2025-02-06 05:41:22,https://t.me/https://t.me/milelion/1071490,mcc,
https://t.me/milelion,receive the gift ecapitavoucher for buying amex chubb travel insurance but not yet receiving the 15$ecapita voucher for the referral link,2025-02-06 05:13:24,https://t.me/https://t.me/milelion/1071474,travel insurance,
https://t.me/milelion,Think your only recourse is to check with the bank whether can waive this fee as you weren't aware this purchase fell under this MCC,2025-02-06 02:37:47,https://t.me/https://t.me/milelion/1071401,mcc,
https://t.me/milelion,The bank told me MCC 4829 will incur cash advance fee as it's considered quasi cash transaction.,2025-02-06 02:37:03,https://t.me/https://t.me/milelion/1071399,mcc,
https://t.me/milelion,I made an online purchase but the transaction was somehow under MCC 4829 - Money transfer. Hence I was charged cash advance fee,2025-02-06 02:36:00,https://t.me/https://t.me/milelion/1071396,mcc,
https://t.me/milelion,"Never heard of MCC codes that can incurr advance fee. May wanna check with your issuing bank if there is one, and if so, why?",2025-02-06 02:35:27,https://t.me/https://t.me/milelion/1071392,mcc,
https://t.me/milelion,"cash advance fee no way to waive?
made a purchase online and the MCC was 4829!",2025-02-06 02:31:15,https://t.me/https://t.me/milelion/1071387,mcc,
https://t.me/milelion,Odd. What did you try? My last trip all were almost immediately (to test mcc),2025-02-05 15:44:02,https://t.me/https://t.me/milelion/1071251,mcc,
https://t.me/milelion,"Anyone has dp on the MCC for Singtel Shop - phone purchase online (not bills)? Tried using Amaze to check but after hitting 'reject' to authorise the txn, I'm not seeing it as a declined txn and hence no mcc details. 

I also don't have/will max out CRMC/WWMC.",2025-02-05 14:42:33,https://t.me/https://t.me/milelion/1071222,mcc,
https://t.me/milelion,Same question regrading mcc 8641. In my case it's an online payment. So any dp if wwmc covers it?,2025-02-05 06:48:39,https://t.me/https://t.me/milelion/1070880,mcc,
https://t.me/milelion,"Check if MCC is in exclusion list with an empty amaze card. If not excluded, will likely be counted.",2025-02-05 06:07:32,https://t.me/https://t.me/milelion/1070829,mcc,
